match,method,prediction
7,[],<java.awt.geom.Point2D: double getY()>=0.12854214|<java.awt.geom.Point2D: double distance(java.awt.geom.Point2D)>=0.03635347|<java.awt.geom.Point2D: double distance(double,double)>=0.004567487|<java.awt.geom.Point2D: double distanceSq(java.awt.geom.Point2D)>=0.0043810587|<java.awt.geom.Point2D: double distance(double,double,double,double)>=0.0043810587|<java.awt.geom.Point2D: double distanceSq(double,double)>=6.9910515E-4|<java.awt.geom.Point2D: double distanceSq(double,double,double,double)>=5.592841E-4|<java.awt.geom.Point2D: double getX()>=4.660701E-5|
0,[<java.awt.geom.Point2D: double getX()>],<java.awt.geom.Point2D: double getY()>=0.035714287|<java.awt.geom.Point2D: double distance(java.awt.geom.Point2D)>=0.035714287|<java.awt.geom.Point2D: double distanceSq(java.awt.geom.Point2D)>=0.0051020407|<java.awt.geom.Point2D: double distance(double,double)>=0.0051020407|<java.awt.geom.Point2D: double distance(double,double,double,double)>=0.0017006802|<java.awt.geom.Point2D: double distanceSq(double,double)>=0.0|<java.awt.geom.Point2D: double distanceSq(double,double,double,double)>=0.0|<java.awt.geom.Point2D: double getX()>=-0.9982993|
1,[<java.awt.geom.Point2D: double getY()>, <java.awt.geom.Point2D: double getX()>],<java.awt.geom.AffineTransform: java.awt.geom.AffineTransform getQuadrantRotateInstance(int)>=0.041666668|<java.awt.geom.AffineTransform: java.awt.geom.AffineTransform getRotateInstance(double,double,double)>=0.021825397|<java.awt.geom.AffineTransform: java.awt.geom.AffineTransform getRotateInstance(double)>=0.005952381|<java.awt.geom.AffineTransform: java.awt.geom.AffineTransform getRotateInstance(double,double)>=0.0|<java.awt.geom.AffineTransform: java.awt.geom.AffineTransform getScaleInstance(double,double)>=0.0|<java.awt.geom.AffineTransform: java.awt.geom.AffineTransform getQuadrantRotateInstance(int,double,double)>=0.0|<java.awt.geom.AffineTransform: java.awt.geom.AffineTransform createInverse()>=0.0|<java.awt.geom.AffineTransform: java.awt.geom.AffineTransform getShearInstance(double,double)>=0.0|<java.awt.geom.AffineTransform: java.awt.geom.AffineTransform getTranslateInstance(double,double)>=0.0|<java.awt.geom.AffineTransform: java.awt.geom.AffineTransform getRotateInstance(double,double,double,double)>=0.0|
0,[<java.awt.geom.AffineTransform: java.awt.geom.AffineTransform getRotateInstance(double,double,double)>, <java.awt.geom.Point2D: double getY()>],<java.awt.geom.Area: java.awt.geom.Area createTransformedArea(java.awt.geom.AffineTransform)>=0.0|
7,[],<java.awt.geom.Area: void add(java.awt.geom.Area)>=0.005965697|<java.awt.geom.Area: void intersect(java.awt.geom.Area)>=0.0054530203|<java.awt.geom.Area: void subtract(java.awt.geom.Area)>=0.0037751677|<java.awt.geom.Area: void <init>()>=0.0028896346|<java.awt.geom.Area: void transform(java.awt.geom.AffineTransform)>=0.0023303505|<java.awt.geom.Area: void exclusiveOr(java.awt.geom.Area)>=3.2624908E-4|<java.awt.geom.Area: void reset()>=9.321402E-5|<java.awt.geom.Area: void <init>(java.awt.Shape)>=0.0|<java.awt.geom.Area: void <clinit>()>=0.0|
6,[<java.awt.geom.Area: void <init>()>],<java.awt.geom.AffineTransform: java.awt.geom.AffineTransform getScaleInstance(double,double)>=0.016129032|<java.awt.geom.AffineTransform: java.awt.geom.AffineTransform getRotateInstance(double)>=0.016129032|<java.awt.geom.AffineTransform: java.awt.geom.AffineTransform getRotateInstance(double,double)>=0.0|<java.awt.geom.AffineTransform: java.awt.geom.AffineTransform getQuadrantRotateInstance(int,double,double)>=0.0|<java.awt.geom.AffineTransform: java.awt.geom.AffineTransform createInverse()>=0.0|<java.awt.geom.AffineTransform: java.awt.geom.AffineTransform getQuadrantRotateInstance(int)>=0.0|<java.awt.geom.AffineTransform: java.awt.geom.AffineTransform getShearInstance(double,double)>=0.0|<java.awt.geom.AffineTransform: java.awt.geom.AffineTransform getTranslateInstance(double,double)>=0.0|<java.awt.geom.AffineTransform: java.awt.geom.AffineTransform getRotateInstance(double,double,double,double)>=0.0|<java.awt.geom.AffineTransform: java.awt.geom.AffineTransform getRotateInstance(double,double,double)>=0.0|
-1,[<java.awt.geom.Area: void <init>()>, <java.awt.geom.AffineTransform: java.awt.geom.AffineTransform getShearInstance(double,double)>],
-1,[<java.awt.geom.AffineTransform: java.awt.geom.AffineTransform getShearInstance(double,double)>, <java.awt.geom.Area: java.awt.geom.Area createTransformedArea(java.awt.geom.AffineTransform)>],
7,[],<java.awt.geom.Area: void add(java.awt.geom.Area)>=0.005965697|<java.awt.geom.Area: void intersect(java.awt.geom.Area)>=0.0054530203|<java.awt.geom.Area: void subtract(java.awt.geom.Area)>=0.0037751677|<java.awt.geom.Area: void <init>()>=0.0028896346|<java.awt.geom.Area: void transform(java.awt.geom.AffineTransform)>=0.0023303505|<java.awt.geom.Area: void exclusiveOr(java.awt.geom.Area)>=3.2624908E-4|<java.awt.geom.Area: void reset()>=9.321402E-5|<java.awt.geom.Area: void <init>(java.awt.Shape)>=0.0|<java.awt.geom.Area: void <clinit>()>=0.0|
0,[<java.awt.geom.Area: void <init>()>],<java.awt.geom.AffineTransform: java.awt.geom.AffineTransform getScaleInstance(double,double)>=0.016129032|<java.awt.geom.AffineTransform: java.awt.geom.AffineTransform getRotateInstance(double)>=0.016129032|<java.awt.geom.AffineTransform: java.awt.geom.AffineTransform getRotateInstance(double,double)>=0.0|<java.awt.geom.AffineTransform: java.awt.geom.AffineTransform getQuadrantRotateInstance(int,double,double)>=0.0|<java.awt.geom.AffineTransform: java.awt.geom.AffineTransform createInverse()>=0.0|<java.awt.geom.AffineTransform: java.awt.geom.AffineTransform getQuadrantRotateInstance(int)>=0.0|<java.awt.geom.AffineTransform: java.awt.geom.AffineTransform getShearInstance(double,double)>=0.0|<java.awt.geom.AffineTransform: java.awt.geom.AffineTransform getTranslateInstance(double,double)>=0.0|<java.awt.geom.AffineTransform: java.awt.geom.AffineTransform getRotateInstance(double,double,double,double)>=0.0|<java.awt.geom.AffineTransform: java.awt.geom.AffineTransform getRotateInstance(double,double,double)>=0.0|
0,[<java.awt.geom.Area: void <init>()>, <java.awt.geom.AffineTransform: java.awt.geom.AffineTransform getScaleInstance(double,double)>],<java.awt.geom.Area: java.awt.geom.Area createTransformedArea(java.awt.geom.AffineTransform)>=0.0|
-1,[<java.awt.geom.Area: java.awt.geom.Area createTransformedArea(java.awt.geom.AffineTransform)>, <java.awt.geom.AffineTransform: java.awt.geom.AffineTransform getScaleInstance(double,double)>],
7,[],<java.awt.geom.Area: void add(java.awt.geom.Area)>=0.005965697|<java.awt.geom.Area: void intersect(java.awt.geom.Area)>=0.0054530203|<java.awt.geom.Area: void subtract(java.awt.geom.Area)>=0.0037751677|<java.awt.geom.Area: void <init>()>=0.0028896346|<java.awt.geom.Area: void transform(java.awt.geom.AffineTransform)>=0.0023303505|<java.awt.geom.Area: void exclusiveOr(java.awt.geom.Area)>=3.2624908E-4|<java.awt.geom.Area: void reset()>=9.321402E-5|<java.awt.geom.Area: void <init>(java.awt.Shape)>=0.0|<java.awt.geom.Area: void <clinit>()>=0.0|
0,[<java.awt.geom.Area: void <init>()>],<java.awt.geom.Area: java.awt.geom.Rectangle2D getBounds2D()>=0.048387095|
0,[<java.awt.geom.Area: void <init>()>, <java.awt.geom.Area: java.awt.geom.Rectangle2D getBounds2D()>],<java.awt.geom.Rectangle2D: java.awt.geom.Rectangle2D createIntersection(java.awt.geom.Rectangle2D)>=0.0|<java.awt.geom.Rectangle2D: java.awt.geom.Rectangle2D createUnion(java.awt.geom.Rectangle2D)>=0.0|<java.awt.geom.Rectangle2D: java.awt.geom.Rectangle2D getBounds2D()>=0.0|
7,[],<java.awt.geom.Area: void add(java.awt.geom.Area)>=0.005965697|<java.awt.geom.Area: void intersect(java.awt.geom.Area)>=0.0054530203|<java.awt.geom.Area: void subtract(java.awt.geom.Area)>=0.0037751677|<java.awt.geom.Area: void <init>()>=0.0028896346|<java.awt.geom.Area: void transform(java.awt.geom.AffineTransform)>=0.0023303505|<java.awt.geom.Area: void exclusiveOr(java.awt.geom.Area)>=3.2624908E-4|<java.awt.geom.Area: void reset()>=9.321402E-5|<java.awt.geom.Area: void <init>(java.awt.Shape)>=0.0|<java.awt.geom.Area: void <clinit>()>=0.0|
5,[<java.awt.geom.Area: void <init>()>],<java.awt.geom.AffineTransform: java.awt.geom.AffineTransform getScaleInstance(double,double)>=0.016129032|<java.awt.geom.AffineTransform: java.awt.geom.AffineTransform getRotateInstance(double)>=0.016129032|<java.awt.geom.AffineTransform: java.awt.geom.AffineTransform getRotateInstance(double,double)>=0.0|<java.awt.geom.AffineTransform: java.awt.geom.AffineTransform getQuadrantRotateInstance(int,double,double)>=0.0|<java.awt.geom.AffineTransform: java.awt.geom.AffineTransform createInverse()>=0.0|<java.awt.geom.AffineTransform: java.awt.geom.AffineTransform getQuadrantRotateInstance(int)>=0.0|<java.awt.geom.AffineTransform: java.awt.geom.AffineTransform getShearInstance(double,double)>=0.0|<java.awt.geom.AffineTransform: java.awt.geom.AffineTransform getTranslateInstance(double,double)>=0.0|<java.awt.geom.AffineTransform: java.awt.geom.AffineTransform getRotateInstance(double,double,double,double)>=0.0|<java.awt.geom.AffineTransform: java.awt.geom.AffineTransform getRotateInstance(double,double,double)>=0.0|
-1,[<java.awt.geom.Area: void <init>()>, <java.awt.geom.AffineTransform: java.awt.geom.AffineTransform getQuadrantRotateInstance(int)>],
-1,[<java.awt.geom.Area: java.awt.geom.Area createTransformedArea(java.awt.geom.AffineTransform)>, <java.awt.geom.AffineTransform: java.awt.geom.AffineTransform getQuadrantRotateInstance(int)>],
7,[],<java.awt.geom.Area: void add(java.awt.geom.Area)>=0.005965697|<java.awt.geom.Area: void intersect(java.awt.geom.Area)>=0.0054530203|<java.awt.geom.Area: void subtract(java.awt.geom.Area)>=0.0037751677|<java.awt.geom.Area: void <init>()>=0.0028896346|<java.awt.geom.Area: void transform(java.awt.geom.AffineTransform)>=0.0023303505|<java.awt.geom.Area: void exclusiveOr(java.awt.geom.Area)>=3.2624908E-4|<java.awt.geom.Area: void reset()>=9.321402E-5|<java.awt.geom.Area: void <init>(java.awt.Shape)>=0.0|<java.awt.geom.Area: void <clinit>()>=0.0|
7,[<java.awt.geom.Area: void <init>()>],<java.awt.geom.AffineTransform: java.awt.geom.AffineTransform getScaleInstance(double,double)>=0.016129032|<java.awt.geom.AffineTransform: java.awt.geom.AffineTransform getRotateInstance(double)>=0.016129032|<java.awt.geom.AffineTransform: java.awt.geom.AffineTransform getRotateInstance(double,double)>=0.0|<java.awt.geom.AffineTransform: java.awt.geom.AffineTransform getQuadrantRotateInstance(int,double,double)>=0.0|<java.awt.geom.AffineTransform: java.awt.geom.AffineTransform createInverse()>=0.0|<java.awt.geom.AffineTransform: java.awt.geom.AffineTransform getQuadrantRotateInstance(int)>=0.0|<java.awt.geom.AffineTransform: java.awt.geom.AffineTransform getShearInstance(double,double)>=0.0|<java.awt.geom.AffineTransform: java.awt.geom.AffineTransform getTranslateInstance(double,double)>=0.0|<java.awt.geom.AffineTransform: java.awt.geom.AffineTransform getRotateInstance(double,double,double,double)>=0.0|<java.awt.geom.AffineTransform: java.awt.geom.AffineTransform getRotateInstance(double,double,double)>=0.0|
-1,[<java.awt.geom.Area: void <init>()>, <java.awt.geom.AffineTransform: java.awt.geom.AffineTransform getTranslateInstance(double,double)>],
-1,[<java.awt.geom.AffineTransform: java.awt.geom.AffineTransform getTranslateInstance(double,double)>, <java.awt.geom.Area: java.awt.geom.Area createTransformedArea(java.awt.geom.AffineTransform)>],
