match,method,prediction
7,[],<java.awt.geom.Point2D: double getY()>=0.1530719|<java.awt.geom.Point2D: double distance(java.awt.geom.Point2D)>=0.03179776|<java.awt.geom.Point2D: double distanceSq(java.awt.geom.Point2D)>=0.0038704511|<java.awt.geom.Point2D: double distance(double,double)>=0.0038482072|<java.awt.geom.Point2D: double distance(double,double,double,double)>=0.0021799093|<java.awt.geom.Point2D: double distanceSq(double,double)>=6.561972E-4|<java.awt.geom.Point2D: double distanceSq(double,double,double,double)>=4.671234E-4|<java.awt.geom.Point2D: double getX()>=2.2243972E-5|
1,[<java.awt.geom.Point2D: double getX()>],<java.awt.geom.Point2D: double distance(java.awt.geom.Point2D)>=0.011013215|<java.awt.geom.Point2D: double getY()>=0.0077092513|<java.awt.geom.Point2D: double distanceSq(java.awt.geom.Point2D)>=0.0014684288|<java.awt.geom.Point2D: double distance(double,double)>=0.0011013215|<java.awt.geom.Point2D: double distance(double,double,double,double)>=3.671072E-4|<java.awt.geom.Point2D: double distanceSq(double,double)>=0.0|<java.awt.geom.Point2D: double distanceSq(double,double,double,double)>=0.0|<java.awt.geom.Point2D: double getX()>=-0.9992658|
9,[<java.awt.geom.Point2D: double getY()>, <java.awt.geom.Point2D: double getX()>],<java.awt.geom.AffineTransform: java.awt.geom.AffineTransform getQuadrantRotateInstance(int)>=0.8076923|<java.awt.geom.AffineTransform: java.awt.geom.AffineTransform getRotateInstance(double,double)>=0.0|<java.awt.geom.AffineTransform: java.awt.geom.AffineTransform getScaleInstance(double,double)>=0.0|<java.awt.geom.AffineTransform: java.awt.geom.AffineTransform getQuadrantRotateInstance(int,double,double)>=0.0|<java.awt.geom.AffineTransform: java.awt.geom.AffineTransform createInverse()>=0.0|<java.awt.geom.AffineTransform: java.awt.geom.AffineTransform getShearInstance(double,double)>=0.0|<java.awt.geom.AffineTransform: java.awt.geom.AffineTransform getTranslateInstance(double,double)>=0.0|<java.awt.geom.AffineTransform: java.awt.geom.AffineTransform getRotateInstance(double,double,double,double)>=0.0|<java.awt.geom.AffineTransform: java.awt.geom.AffineTransform getRotateInstance(double)>=0.0|<java.awt.geom.AffineTransform: java.awt.geom.AffineTransform getRotateInstance(double,double,double)>=0.0|
-1,[<java.awt.geom.AffineTransform: java.awt.geom.AffineTransform getRotateInstance(double,double,double)>, <java.awt.geom.Point2D: double getY()>, <java.awt.geom.Point2D: double getX()>],
1,[],<java.awt.geom.Area: void exclusiveOr(java.awt.geom.Area)>=0.02895053|<java.awt.geom.Area: void <init>(java.awt.Shape)>=0.004081769|<java.awt.geom.Area: void add(java.awt.geom.Area)>=0.0014236142|<java.awt.geom.Area: void intersect(java.awt.geom.Area)>=0.0013012723|<java.awt.geom.Area: void subtract(java.awt.geom.Area)>=9.0088084E-4|<java.awt.geom.Area: void <init>()>=6.895631E-4|<java.awt.geom.Area: void transform(java.awt.geom.AffineTransform)>=5.560993E-4|<java.awt.geom.Area: void reset()>=3.336596E-5|<java.awt.geom.Area: void <clinit>()>=0.0|
5,[<java.awt.geom.Area: void <init>()>],<java.awt.geom.AffineTransform: java.awt.geom.AffineTransform getScaleInstance(double,double)>=0.016129032|<java.awt.geom.AffineTransform: java.awt.geom.AffineTransform getRotateInstance(double,double)>=0.0|<java.awt.geom.AffineTransform: java.awt.geom.AffineTransform getQuadrantRotateInstance(int,double,double)>=0.0|<java.awt.geom.AffineTransform: java.awt.geom.AffineTransform createInverse()>=0.0|<java.awt.geom.AffineTransform: java.awt.geom.AffineTransform getQuadrantRotateInstance(int)>=0.0|<java.awt.geom.AffineTransform: java.awt.geom.AffineTransform getShearInstance(double,double)>=0.0|<java.awt.geom.AffineTransform: java.awt.geom.AffineTransform getTranslateInstance(double,double)>=0.0|<java.awt.geom.AffineTransform: java.awt.geom.AffineTransform getRotateInstance(double,double,double,double)>=0.0|<java.awt.geom.AffineTransform: java.awt.geom.AffineTransform getRotateInstance(double)>=0.0|<java.awt.geom.AffineTransform: java.awt.geom.AffineTransform getRotateInstance(double,double,double)>=0.0|
-1,[<java.awt.geom.Area: void <init>()>, <java.awt.geom.AffineTransform: java.awt.geom.AffineTransform getShearInstance(double,double)>],
-1,[<java.awt.geom.Area: void <init>()>, <java.awt.geom.AffineTransform: java.awt.geom.AffineTransform getShearInstance(double,double)>, <java.awt.geom.Area: java.awt.geom.Area createTransformedArea(java.awt.geom.AffineTransform)>],
1,[],<java.awt.geom.Area: void exclusiveOr(java.awt.geom.Area)>=0.02895053|<java.awt.geom.Area: void <init>(java.awt.Shape)>=0.004081769|<java.awt.geom.Area: void add(java.awt.geom.Area)>=0.0014236142|<java.awt.geom.Area: void intersect(java.awt.geom.Area)>=0.0013012723|<java.awt.geom.Area: void subtract(java.awt.geom.Area)>=9.0088084E-4|<java.awt.geom.Area: void <init>()>=6.895631E-4|<java.awt.geom.Area: void transform(java.awt.geom.AffineTransform)>=5.560993E-4|<java.awt.geom.Area: void reset()>=3.336596E-5|<java.awt.geom.Area: void <clinit>()>=0.0|
0,[<java.awt.geom.Area: void <init>()>],<java.awt.geom.AffineTransform: java.awt.geom.AffineTransform getScaleInstance(double,double)>=0.016129032|<java.awt.geom.AffineTransform: java.awt.geom.AffineTransform getRotateInstance(double,double)>=0.0|<java.awt.geom.AffineTransform: java.awt.geom.AffineTransform getQuadrantRotateInstance(int,double,double)>=0.0|<java.awt.geom.AffineTransform: java.awt.geom.AffineTransform createInverse()>=0.0|<java.awt.geom.AffineTransform: java.awt.geom.AffineTransform getQuadrantRotateInstance(int)>=0.0|<java.awt.geom.AffineTransform: java.awt.geom.AffineTransform getShearInstance(double,double)>=0.0|<java.awt.geom.AffineTransform: java.awt.geom.AffineTransform getTranslateInstance(double,double)>=0.0|<java.awt.geom.AffineTransform: java.awt.geom.AffineTransform getRotateInstance(double,double,double,double)>=0.0|<java.awt.geom.AffineTransform: java.awt.geom.AffineTransform getRotateInstance(double)>=0.0|<java.awt.geom.AffineTransform: java.awt.geom.AffineTransform getRotateInstance(double,double,double)>=0.0|
0,[<java.awt.geom.Area: void <init>()>, <java.awt.geom.AffineTransform: java.awt.geom.AffineTransform getScaleInstance(double,double)>],<java.awt.geom.Area: java.awt.geom.Area createTransformedArea(java.awt.geom.AffineTransform)>=0.0|
-1,[<java.awt.geom.Area: void <init>()>, <java.awt.geom.Area: java.awt.geom.Area createTransformedArea(java.awt.geom.AffineTransform)>, <java.awt.geom.AffineTransform: java.awt.geom.AffineTransform getScaleInstance(double,double)>],
1,[],<java.awt.geom.Area: void exclusiveOr(java.awt.geom.Area)>=0.02895053|<java.awt.geom.Area: void <init>(java.awt.Shape)>=0.004081769|<java.awt.geom.Area: void add(java.awt.geom.Area)>=0.0014236142|<java.awt.geom.Area: void intersect(java.awt.geom.Area)>=0.0013012723|<java.awt.geom.Area: void subtract(java.awt.geom.Area)>=9.0088084E-4|<java.awt.geom.Area: void <init>()>=6.895631E-4|<java.awt.geom.Area: void transform(java.awt.geom.AffineTransform)>=5.560993E-4|<java.awt.geom.Area: void reset()>=3.336596E-5|<java.awt.geom.Area: void <clinit>()>=0.0|
0,[<java.awt.geom.Area: void <init>()>],<java.awt.geom.Area: java.awt.geom.Rectangle2D getBounds2D()>=0.0|
-1,[<java.awt.geom.Area: void <init>()>, <java.awt.geom.Area: java.awt.geom.Rectangle2D getBounds2D()>],
1,[],<java.awt.geom.Area: void exclusiveOr(java.awt.geom.Area)>=0.02895053|<java.awt.geom.Area: void <init>(java.awt.Shape)>=0.004081769|<java.awt.geom.Area: void add(java.awt.geom.Area)>=0.0014236142|<java.awt.geom.Area: void intersect(java.awt.geom.Area)>=0.0013012723|<java.awt.geom.Area: void subtract(java.awt.geom.Area)>=9.0088084E-4|<java.awt.geom.Area: void <init>()>=6.895631E-4|<java.awt.geom.Area: void transform(java.awt.geom.AffineTransform)>=5.560993E-4|<java.awt.geom.Area: void reset()>=3.336596E-5|<java.awt.geom.Area: void <clinit>()>=0.0|
4,[<java.awt.geom.Area: void <init>()>],<java.awt.geom.AffineTransform: java.awt.geom.AffineTransform getScaleInstance(double,double)>=0.016129032|<java.awt.geom.AffineTransform: java.awt.geom.AffineTransform getRotateInstance(double,double)>=0.0|<java.awt.geom.AffineTransform: java.awt.geom.AffineTransform getQuadrantRotateInstance(int,double,double)>=0.0|<java.awt.geom.AffineTransform: java.awt.geom.AffineTransform createInverse()>=0.0|<java.awt.geom.AffineTransform: java.awt.geom.AffineTransform getQuadrantRotateInstance(int)>=0.0|<java.awt.geom.AffineTransform: java.awt.geom.AffineTransform getShearInstance(double,double)>=0.0|<java.awt.geom.AffineTransform: java.awt.geom.AffineTransform getTranslateInstance(double,double)>=0.0|<java.awt.geom.AffineTransform: java.awt.geom.AffineTransform getRotateInstance(double,double,double,double)>=0.0|<java.awt.geom.AffineTransform: java.awt.geom.AffineTransform getRotateInstance(double)>=0.0|<java.awt.geom.AffineTransform: java.awt.geom.AffineTransform getRotateInstance(double,double,double)>=0.0|
-1,[<java.awt.geom.Area: void <init>()>, <java.awt.geom.AffineTransform: java.awt.geom.AffineTransform getQuadrantRotateInstance(int)>],
-1,[<java.awt.geom.Area: void <init>()>, <java.awt.geom.Area: java.awt.geom.Area createTransformedArea(java.awt.geom.AffineTransform)>, <java.awt.geom.AffineTransform: java.awt.geom.AffineTransform getQuadrantRotateInstance(int)>],
1,[],<java.awt.geom.Area: void exclusiveOr(java.awt.geom.Area)>=0.02895053|<java.awt.geom.Area: void <init>(java.awt.Shape)>=0.004081769|<java.awt.geom.Area: void add(java.awt.geom.Area)>=0.0014236142|<java.awt.geom.Area: void intersect(java.awt.geom.Area)>=0.0013012723|<java.awt.geom.Area: void subtract(java.awt.geom.Area)>=9.0088084E-4|<java.awt.geom.Area: void <init>()>=6.895631E-4|<java.awt.geom.Area: void transform(java.awt.geom.AffineTransform)>=5.560993E-4|<java.awt.geom.Area: void reset()>=3.336596E-5|<java.awt.geom.Area: void <clinit>()>=0.0|
6,[<java.awt.geom.Area: void <init>()>],<java.awt.geom.AffineTransform: java.awt.geom.AffineTransform getScaleInstance(double,double)>=0.016129032|<java.awt.geom.AffineTransform: java.awt.geom.AffineTransform getRotateInstance(double,double)>=0.0|<java.awt.geom.AffineTransform: java.awt.geom.AffineTransform getQuadrantRotateInstance(int,double,double)>=0.0|<java.awt.geom.AffineTransform: java.awt.geom.AffineTransform createInverse()>=0.0|<java.awt.geom.AffineTransform: java.awt.geom.AffineTransform getQuadrantRotateInstance(int)>=0.0|<java.awt.geom.AffineTransform: java.awt.geom.AffineTransform getShearInstance(double,double)>=0.0|<java.awt.geom.AffineTransform: java.awt.geom.AffineTransform getTranslateInstance(double,double)>=0.0|<java.awt.geom.AffineTransform: java.awt.geom.AffineTransform getRotateInstance(double,double,double,double)>=0.0|<java.awt.geom.AffineTransform: java.awt.geom.AffineTransform getRotateInstance(double)>=0.0|<java.awt.geom.AffineTransform: java.awt.geom.AffineTransform getRotateInstance(double,double,double)>=0.0|
-1,[<java.awt.geom.Area: void <init>()>, <java.awt.geom.AffineTransform: java.awt.geom.AffineTransform getTranslateInstance(double,double)>],
-1,[<java.awt.geom.Area: void <init>()>, <java.awt.geom.AffineTransform: java.awt.geom.AffineTransform getTranslateInstance(double,double)>, <java.awt.geom.Area: java.awt.geom.Area createTransformedArea(java.awt.geom.AffineTransform)>],
